CDL code,Crop,Rooting depth (m),CN category,Notes,,CN category name,CN category code
0,Background,,,,,Fallow,1
1,Corn,1.7,2,,,Row crops,2
2,Cotton,1.7,2,,,Small grain,3
3,Rice,0.75,4,,,Close-seeded or broadcast legumes or rotation meadow,4
4,Sorghum,2,3,,,"Pasture, grassland, range-continuous forage for grazing",5
5,Soybeans,1.3,3,,,Meadow-continuous grass protected from grazing and generally mowed for hay,6
6,Sunflower,1.5,2,,,Brush,7
10,Peanuts,0.75,4,Peanuts are in the legume family,,Woods grass combination (orchard or tree farm),8
11,Tobacco,0.8,2,Tobacco | Land & Water | Food and Agriculture Organization of the United Nations; Similar to cotton which is grown as row crop,,Woods,9
12,Sweet Corn,1.2,2,,,,
13,Pop or Orn Corn,1.2,2,,,CN doc (table 9-1),https://www.hydrocad.net/neh/630ch9.pdf
14,Mint,0.8,2,Mint is closer to row crop,,NRCS rz depth (table 11-3),https://www.wcc.nrcs.usda.gov/ftpref/wntsc/waterMgt/irrigation/NEH15/ch11.pdf
21,Barley,1.5,3,,,,
22,Durum Wheat,1.5,3,spring wheat?,,,
23,Spring Wheat,1.5,3,,,,
24,Winter Wheat,1.8,3,,,,
25,Other Small Grains,1.5,3,"Assigned based on other small grain rooting depths (e.g. wheat, barley, oats)",,,
26,Dbl Crop WinWht/Soybeans,1.8,3,Chose the more conservative number to support more effective p,,,
27,Rye,0.8,3,,,,
28,Oats,1.5,3,Oats are considered small grains,,,
29,Millet,1.5,3,,,,
30,Speltz,1.5,3,,,,
31,Canola,1.5,2,,,,
32,Flaxseed,1.5,2,,,,
33,Safflower,2,2,,,,
34,Rape Seed,1.5,2,aka canola,,,
35,Mustard,1.2,2,Effective rooting depth of mustard under dryland conditions.,,,
36,Alfalfa,2,4,Curve number alfalfa,,,
37,Other Hay/Non Alfalfa,1,6,"used ""grass hay"" for rz depth",,,
38,Camelina,1.5,6,Decline in Soil Microbial Abundance When Camelina Introduced Into a Monoculture Wheat System - PMC,,,
39,Buckwheat,1.5,3,type of millet,,,
41,Sugarbeets,1.2,2,,,,
42,Dry Beans,0.75,2,,,,
43,Potatoes,0.6,2,,,,
44,Other Crops,1.5,2,The mode of all crops was used to assign this value. ,,,
45,Sugarcane,1.8,4,close seeded (but not legume),,,
46,Sweet Potatoes,1.5,2,same CN as potato,,,
47,Misc Vegs & Fruits,1.5,2,Assigned based on maximum depth across other MRD of other vegetatbles / fruits,,,
48,Watermelons,1.5,2,,,,
49,Onions,0.5,2,Onions are a row crop,,,
50,Cucumbers,1.2,2,Cucumbers are a row crop,,,
51,Chick Peas,0.8,2,Chick peas are a row crop,,,
52,Lentils,1,2,Lentils are row crop ,,,
53,Peas,1,4,legume,,,
54,Tomatoes,1.5,2,From HEC manual,,,
55,Caneberries,0.9,2,FAO for 'berries' - same CN as grape,,,
56,Hops,1.2,2,,,,
57,Herbs,0.6,2,generally shallow-rooted 18-24 inches,,,
58,Clover/Wildflowers,0.75,6,FAO 'clover/hay',,,
59,Sod/Grass Seed,0.75,6,turf grass,,,
60,Switchgrass,2,6,Native Plant Profile: Switchgrass (Panicum virgatum),,,
61,Fallow/Idle Cropland,0.5,1,"Presume vegetated w/ weeds/grasses, as opposed to Barren (#65).  Probably modest rz.",,,
63,Forest,,,,,,
64,Shrubland,,,,,,
65,Barren,0.5,1,**THOUGHT FROM AJ: If we set RZ to 0 then all ET will be ETAW? Instead we want all ET to be Peff correct? We may want to set this to 0.5 like fallow,you're correct AJ (this is conor),,
66,Cherries,1.5,8,,,,
67,Peaches,1.5,8,,,,
68,Apples,1.5,8,,,,
69,Grapes,2,8,treating as orchard or tree farm,,,
70,Christmas Trees,1.25,8,,,,
71,Other Tree Crops,1.5,8,,,,
72,Citrus,1.5,8,,,,
74,Pecans,1,8,https://www.researchgate.net/publication/364138857_Root_and_Shoot_Growth_of_Field-_and_Container-grown_Pecan_Nursery_Trees_Five_Years_After_Transplanting/figures?lo=1&utm_source=google&utm_medium=organic,,,
75,Almonds,1.5,8,,,,
76,Walnuts,2.4,8,,,,
77,Pears,1.5,8,,,,
81,Clouds/No Data,,,,,,
82,Developed,,,,,,
83,Water,,,,,,
87,Wetlands,,,,,,
88,Nonag/Undefined,,,,,,
92,Aquaculture,,,,,,
111,Open Water,,,,,,
112,Perennial Ice/Snow,,,,,,
121,Developed/Open Space,,,,,,
122,Developed/Low Intensity,,,,,,
123,Developed/Med Intensity,,,,,,
124,Developed/High Intensity,,,,,,
131,Barren,,,,,,
141,Deciduous Forest,,,,,,
142,Evergreen Forest,,,,,,
143,Mixed Forest,,,,,,
152,Shrubland,,,,,,
176,Grass/Pasture,1.5,5,,,,
190,Woody Wetlands,,,,,,
195,Herbaceous Wetlands,,,,,,
204,Pistachios,1.5,8,,,,
205,Triticale,0.7,3,"Types, structure and potential for axial water flow in the deepest roots of field-grown cereals",,,
206,Carrots,1,2,,,,
207,Asparagus,1.8,2,,,,
208,Garlic,0.4,2,,,,
209,Cantaloupes,1.2,2,,,,
210,Prunes,1.5,8,FAO 'stone fruit',,,
211,Olives,1.7,8,,,,
212,Oranges,1.5,8,"used ""citrus"" rz depth",,,
213,Honeydew Melons,1.2,2,sweet melons,,,
214,Broccoli,0.6,2,,,,
215,Avocados,0.9,8,,,,
216,Peppers,1,2,,,,
217,Pomegranates,0.9,8,(PDF) Root distribution pattern of pomegranate in different soil types,,,
218,Nectarines,1.5,8,stone fruit,,,
219,Greens,0.5,2,"used ""lettuce"" for rz depth; assume row crop",,,
220,Plums,1.5,8,stone fruit,,,
221,Strawberries,0.3,2,,,,
222,Squash,0.9,2,,,,
223,Apricots,1.5,8,,,,
224,Vetch,0.8,4,"https://sarep.ucdavis.edu/covercrop/commonvetch#:~:text=Root%20System,depth%20of%20over%2080%20cm.",,,
225,Dbl Crop WinWht/Corn,1.8,3,"for double crop, use the deeper of two",,,
226,Dbl Crop Oats/Corn,1.7,3,,,,
227,Lettuce,0.5,2,,,,
228,Dbl Crop Triticale/Corn,1.7,3,,,,
229,Pumpkin,1.2,2,,,,
230,Dbl Crop Lettuce/Durum Wht,1.7,3,,,,
231,Dbl Crop Lettuce/Cantaloupe,1.2,2,,,,
232,Dbl Crop Lettuce/Cotton,1.7,2,,,,
233,Dbl Crop Lettuce/Barley,1.7,3,,,,
234,Dbl Crop Durum Wht/Sorghum,2,3,,,,
235,Dbl Crop Barley/Sorghum,2,3,,,,
236,Dbl Crop WinWht/Sorghum,2,3,,,,
237,Dbl Crop Barley/Corn,1.7,3,,,,
238,Dbl Crop WinWht/Cotton,1.7,3,,,,
239,Dbl Crop Soybeans/Cotton,1.5,3,,,,
240,Dbl Crop Soybeans/Oats,1.5,3,,,,
241,Dbl Crop Corn/Soybeans,1.7,3,,,,
242,Blueberries,1.2,2,,,,
243,Cabbage,0.8,2,,,,
244,Cauliflower,0.6,2,Same as broccoli?,,,
245,Celery,0.5,2,,,,
246,Radishes,0.5,2,,,,
247,Turnips,0.9,2,,,,
248,Eggplants,1.2,2,,,,
249,Gourds,0.9,2,used squash,,,
250,Cranberries,1.2,2,,,,
254,Dbl Crop Barley/Soybeans,1.5,3,used Barley rz depth (deeper) + assigned CN cat from Barley for consistency,,,